"Reference","Qty","Value","DNP","Exclude from BOM","Exclude from Board","Footprint","Datasheet"
"C1,C5,C6,C11,C12,C14,C15,C23,C26,C28","10","0.1uF","","","","Capacitor_SMD:C_0805_2012Metric_Pad1.18x1.45mm_HandSolder","~"
"C7,C8","2","10uF","","","","Capacitor_SMD:C_1206_3216Metric_Pad1.33x1.80mm_HandSolder","~"
"C9,C10","2","22uF","","","","Capacitor_SMD:C_1206_3216Metric_Pad1.33x1.80mm_HandSolder","~"
"C13,C16,C17,C18,C24,C25,C27,C29","8","1uF","","","","Capacitor_SMD:C_0603_1608Metric_Pad1.08x0.95mm_HandSolder","~"
"C19,C20,C21,C22","4","2.2uF","","","","Capacitor_SMD:C_0603_1608Metric_Pad1.08x0.95mm_HandSolder","~"
"C30,C31,C32,C33","4","220nF","","","","Capacitor_SMD:C_0603_1608Metric_Pad1.08x0.95mm_HandSolder","~"
"C34","1","33nF","","","","Capacitor_SMD:C_0603_1608Metric_Pad1.08x0.95mm_HandSolder","~"
"C35,C36,C37,C38","4","680nF","","","","Capacitor_SMD:C_0805_2012Metric_Pad1.18x1.45mm_HandSolder","~"
"D1","1","LED","","","","Connector_PinHeader_2.54mm:PinHeader_1x02_P2.54mm_Horizontal","~"
"J1,J5,J6,J8,J9","5","Conn_01x02_Socket","","","","Connector_PinHeader_2.54mm:PinHeader_1x02_P2.54mm_Vertical","~"
"J2,J3,J4,J7,J10,J11,J12,J13,J14,J15,J16,J17,J18,J19,J20,J21,J22,J23,J24","19","Conn_01x01_Socket","","","","Connector_PinHeader_2.54mm:PinHeader_1x01_P2.54mm_Vertical","~"
"J25,J26,J27,J28","4","Conn_01x03_Socket","","","","Connector_PinHeader_2.54mm:PinHeader_1x03_P2.54mm_Vertical","~"
"L1","1","6.8 uH","","","","Inductor_SMD:L_APV_APH0630","~"
"L2,L3,L4,L5","4","10uH","","","","Inductor_SMD:L_APV_APH0630","~"
"R1","1","10.2k","","","","Resistor_SMD:R_0603_1608Metric_Pad0.98x0.95mm_HandSolder","~"
"R2","1","53.6k","","","","Resistor_SMD:R_0603_1608Metric_Pad0.98x0.95mm_HandSolder","~"
"R3","1","50","","","","Resistor_SMD:R_0805_2012Metric_Pad1.20x1.40mm_HandSolder","~"
"R4","1","220","","","","Resistor_SMD:R_0805_2012Metric_Pad1.20x1.40mm_HandSolder","~"
"R5,R7","2","10k","","","","Resistor_SMD:R_1206_3216Metric_Pad1.30x1.75mm_HandSolder","~"
"R6","1","5.6k","","","","Resistor_SMD:R_0603_1608Metric_Pad0.98x0.95mm_HandSolder","~"
"TP1","1","TestPoint","","","","Connector_PinHeader_2.54mm:PinHeader_1x01_P2.54mm_Horizontal","~"
"U3","1","TPS62933","","","","Package_TO_SOT_SMD:SOT-583-8","https://www.ti.com/lit/ds/symlink/tps62933.pdf"
"U4","1","RASPBERRY_PI_ZERO_2_W","","","","Connector_PinHeader_2.54mm:PinHeader_2x20_P2.54mm_Vertical",""
"U5","1","TLV320AIC3254IRHBR","","","","MyFootprints:TLV320AIC3254","https://www.ti.com/lit/gpn/tlv320aic3254"
"U6,U7","2","MEMSMic","","","","MyFootprints:MEMSMic",""
"U8","1","TPA3118D2DAPR","","","","MyFootprints:TPA3118",""
