Ref,Val,Package,PosX,PosY,Rot,Side
"C5","0.1uF","C_0805_2012Metric_Pad1.18x1.45mm_HandSolder",106.250000,-73.000000,180.000000,top
"C6","0.1uF","C_0805_2012Metric_Pad1.18x1.45mm_HandSolder",106.500000,-67.000000,0.000000,top
"C12","0.1uF","C_0805_2012Metric_Pad1.18x1.45mm_HandSolder",138.000000,-68.500000,-90.000000,top
"C14","0.1uF","C_0805_2012Metric_Pad1.18x1.45mm_HandSolder",138.000000,-89.000000,90.000000,top
"C16","1uF","C_0603_1608Metric_Pad1.08x0.95mm_HandSolder",116.500000,-82.500000,90.000000,top
"C18","1uF","C_0603_1608Metric_Pad1.08x0.95mm_HandSolder",119.000000,-81.500000,90.000000,top
"C20","2.2uF","C_0603_1608Metric_Pad1.08x0.95mm_HandSolder",106.862500,-84.468750,-90.000000,top
"C23","0.1uF","C_0805_2012Metric_Pad1.18x1.45mm_HandSolder",118.002557,-90.755803,0.000000,top
"C30","220nF","C_0603_1608Metric_Pad1.08x0.95mm_HandSolder",103.500000,-98.000000,180.000000,top
"C31","220nF","C_0603_1608Metric_Pad1.08x0.95mm_HandSolder",109.362500,-97.331250,0.000000,top
"C35","680nF","C_0805_2012Metric_Pad1.18x1.45mm_HandSolder",101.362500,-109.331250,0.000000,top
"C36","680nF","C_0805_2012Metric_Pad1.18x1.45mm_HandSolder",108.325000,-109.831250,0.000000,top
"C37","680nF","C_0805_2012Metric_Pad1.18x1.45mm_HandSolder",105.362500,-110.331250,-90.000000,top
"C38","680nF","C_0805_2012Metric_Pad1.18x1.45mm_HandSolder",112.862500,-110.331250,-90.000000,top
"D1","LED","LED_D3.0mm",125.540000,-68.000000,180.000000,top
"J1","Conn_01x02_Socket","JST_XH_B2B-XH-A_1x02_P2.50mm_Vertical",101.250000,-68.500000,-90.000000,top
"J8","Conn_01x02_Socket","JST_XH_B2B-XH-A_1x02_P2.50mm_Vertical",100.862500,-115.831250,0.000000,top
"J9","Conn_01x02_Socket","JST_XH_B2B-XH-A_1x02_P2.50mm_Vertical",109.362500,-115.831250,0.000000,top
"J25","Conn_01x03_Socket","JST_XH_B3B-XH-A_1x03_P2.50mm_Vertical",119.000000,-70.000000,90.000000,top
"J26","Conn_01x03_Socket","JST_XH_B3B-XH-A_1x03_P2.50mm_Vertical",114.500000,-70.000000,90.000000,top
"J27","Conn_01x03_Socket","JST_XH_B3B-XH-A_1x03_P2.50mm_Vertical",121.000000,-105.000000,90.000000,top
"J28","Conn_01x03_Socket","JST_XH_B3B-XH-A_1x03_P2.50mm_Vertical",121.000000,-117.500000,90.000000,top
"L1","6.8 uH","L_APV_APH0630",108.000000,-77.750000,0.000000,top
"L2","10uH","L_APV_APH0630",101.862500,-103.831250,-90.000000,top
"L3","10uH","L_APV_APH0630",109.362500,-103.856250,-90.000000,top
"R2","53.6k","R_0603_1608Metric_Pad0.98x0.95mm_HandSolder",109.000000,-70.250000,0.000000,top
"U3","TPS62933","SOT-583-8",105.750000,-69.500000,-90.000000,top
"U4","RASPBERRY_PI_ZERO_2_W","PinSocket_2x20_P2.54mm_Vertical",135.040000,-69.760000,0.000000,top
"U5","TLV320AIC3254IRHBR","TLV320AIC3254",120.490058,-86.505804,180.000000,top
"U8","TPA3118D2DAPR","TPA3118",108.362500,-91.331250,-90.000000,top
