Designator,Footprint,Quantity,Value,LCSC Part #
"C1, C12, C14, C15, C23, C26, C28, C5, C6",0805,9,0.1uF,
C10,1206,1,47uF,
"C13, C16, C17, C18, C24, C25, C27, C29",0603,8,1uF,
"C19, C20, C21, C22",0603,4,2.2uF,
"C30, C31, C32, C33",0603,4,220nF,
C34,0603,1,33nF,
"C35, C36, C37, C38",0805,4,680nF,
C8,1206,1,10uF,
D1,LED_D3.0mm,1,LED,
"J1, J8, J9",JST_XH_B2B-XH-A_1x02_P2.50mm_Vertical,3,Conn_01x02_Socket,
"J25, J26, J27, J28",JST_XH_B3B-XH-A_1x03_P2.50mm_Vertical,4,Conn_01x03_Socket,
L1,L_APV_APH0630,1,6.8 uH,
"L2, L3, L4, L5",L_APV_APH0630,4,10uH,
R1,0603,1,10.2k,
R2,0603,1,53.6k,
R4,0805,1,220,
R6,0603,1,5.6k,
"TP1, TP2, TP3, TP4, TP5",TestPoint_Pad_D1.0mm,5,TestPoint,
U3,SOT-583-8,1,TPS62933,
U4,PinSocket_2x20_P2.54mm_Vertical,1,RASPBERRY_PI_ZERO_2_W,
U5,TLV320AIC3254,1,TLV320AIC3254IRHBR,
"U6, U7",MEMSMic,2,MEMSMic,
U8,TPA3118,1,TPA3118D2DAPR,
