Designator,Mid X,Mid Y,Rotation,Layer
C1,130.5,-67.0,0.0,bottom
C10,109.0625,-77.5,0.0,bottom
C12,138.0,-68.5,270.0,top
C13,138.0,-92.5,270.0,bottom
C14,138.0,-89.0,90.0,top
C15,116.5,-82.4625,90.0,bottom
C16,116.5,-82.5,90.0,top
C17,120.0,-81.5,270.0,bottom
C18,119.0,-81.5,90.0,top
C19,103.8625,-89.83125,180.0,bottom
C20,106.8625,-84.46875,270.0,top
C21,111.8625,-89.33125,0.0,bottom
C22,111.3625,-85.83125,270.0,bottom
C23,118.002557,-90.755803,0.0,top
C24,120.102557,-92.255803,0.0,bottom
C25,116.465057,-89.461975,270.0,bottom
C26,119.465057,-90.255803,180.0,bottom
C27,109.8625,-86.33125,90.0,bottom
C28,104.3625,-94.05625,270.0,bottom
C29,102.3625,-94.09375,270.0,bottom
C30,103.5,-98.0,180.0,top
C31,109.3625,-97.33125,0.0,top
C32,106.8625,-97.83125,0.0,bottom
C33,112.8625,-96.83125,0.0,bottom
C34,107.5,-71.25,180.0,bottom
C35,101.3625,-109.33125,0.0,top
C36,108.325,-109.83125,0.0,top
C37,105.3625,-110.33125,270.0,top
C38,112.8625,-110.33125,270.0,top
C5,106.25,-73.0,180.0,top
C6,106.5,-67.0,0.0,top
C8,103.75,-73.4375,270.0,bottom
D1,124.27,-68.0,180.0,top
J1,101.25,-69.75,270.0,top
J25,119.0,-67.5,90.0,top
J26,114.5,-67.5,90.0,top
J27,121.0,-102.0,90.0,top
J28,121.0,-115.34,90.0,top
J8,102.1125,-115.83125,0.0,top
J9,110.6125,-115.83125,0.0,top
L1,108.0,-77.75,0.0,top
L2,101.8625,-103.83125,270.0,top
L3,109.3625,-103.85625,270.0,top
L4,103.3625,-106.83125,270.0,bottom
L5,110.8625,-106.83125,270.0,bottom
R1,107.75,-68.5,90.0,bottom
R2,109.0,-70.25,0.0,top
R4,124.77,-71.5,0.0,bottom
R6,107.3625,-86.33125,180.0,bottom
U3,105.75,-69.5,270.0,top
U4,133.77,-93.89,0.0,top
U5,120.490058,-86.505804,180.0,top
U6,124.332501,-99.627501,180.0,bottom
U7,124.19,-112.67,180.0,bottom
U8,108.3625,-91.33125,270.0,top
